,uri,y
0,,0
1,,0
2,,0
3,,0
4,imgs/cucumber_d75b1cfa-8f1a-4814-afb6-6312211f3f61.jpg,0
5,imgs/cucumber_7b4ecdb1-d669-444c-ae80-cd47a5dbbd4b.jpg,0
6,imgs/cucumber_6f32fbf1-b651-499c-ae71-72f37983173f.jpg,0
7,,0
8,imgs/cucumber_97c36307-2226-4aff-aacb-048875ce632f.jpg,0
9,imgs/cucumber_6b53ba5e-1ced-4f0f-8d1c-21b8f0d9ffa5.jpg,0
10,,0
11,imgs/cucumber_ef7a675b-2654-4612-bee1-2e4d5cb3a383.jpg,0
12,imgs/cucumber_46b42d55-4852-4244-9770-5d1082aa0874.jpg,0
13,imgs/cucumber_ff00e897-0210-473a-8eac-30c44ec7c451.jpg,0
14,imgs/cucumber_3b3c97de-01f1-4f62-9c4b-45d8fbf7b2e4.jpg,0
15,,0
16,imgs/cucumber_1d1134df-f838-4029-96f8-22ca7a1e2496.jpg,0
17,,0
18,imgs/cucumber_e55091d3-5f5e-4066-b2d3-467027ecdfb5.jpg,0
19,,0
20,imgs/cucumber_504c9503-0bdc-41c5-9e9e-8c42207793b9.jpg,0
21,,0
22,imgs/cucumber_ad4c11c8-78f7-448e-bdf7-fc651ab315b3.jpg,0
23,imgs/cucumber_21f0b391-9288-4f66-8cd5-512300d2fb43.jpg,0
24,,0
25,imgs/cucumber_f405cf7a-569d-4a5e-9f78-5e64d74fd5a8.jpg,0
26,,0
27,imgs/cucumber_a2a6ed9d-2de6-4123-8845-129c8fe7aaf2.jpg,0
28,imgs/cucumber_91f1e065-e5a1-4fbf-ade1-ce3ab8159a73.jpg,0
29,,0
30,,0
31,,0
32,,0
33,imgs/cucumber_91b3fc13-772d-41c6-ba65-a6a92c911c0f.jpg,0
34,imgs/cucumber_faddcf22-f1c6-4e86-a9e5-ebd0eb716fcf.jpg,0
35,imgs/cucumber_85a15c28-8f80-4444-af9c-8c8ac136caf3.jpg,0
36,imgs/cucumber_03ae9f7b-2105-4039-9e5d-7f704df9edd2.jpg,0
37,,0
38,imgs/cucumber_c4c77401-49de-4876-88c5-e553b62e1cd4.jpg,0
39,imgs/cucumber_cea4b680-8c45-4da7-bfd2-16606047ab96.jpg,0
40,imgs/cucumber_095ac83a-13bc-47a6-ba3a-8abda90b7bfa.jpg,0
41,,0
42,imgs/cucumber_bc921094-8bda-459e-93cd-3f4fd669a105.jpg,0
43,imgs/cucumber_5c88d5cb-680d-4398-93dd-b4717697f45a.jpg,0
44,imgs/cucumber_22f29c7c-ff9b-446f-8fad-921d4b8613ad.jpg,0
45,,0
46,imgs/cucumber_041aaed1-1af1-4e0a-881c-ff958e16d1bf.jpg,0
47,imgs/cucumber_b6685bea-056a-40af-b7c0-ea6a8fee9ab1.jpg,0
48,,0
49,imgs/cucumber_0d85180b-2567-49bb-868b-fe7cf1298787.jpg,0
50,imgs/cucumber_0da68f21-98d6-424e-ab9c-f0b34ef8a179.jpg,0
51,imgs/cucumber_c9579490-920f-445c-9151-e2c68ecee0a4.jpg,0
52,imgs/cucumber_6fb41f0a-67a8-4b7a-8512-7f2e01c55d67.jpg,0
53,imgs/cucumber_e8102a94-888c-4780-abfc-a7758ea4491e.jpg,0
54,imgs/cucumber_d90d74f2-ad3b-4f36-bbe3-dfc73a4743c3.jpg,0
55,imgs/cucumber_6d3da52e-5227-4d0e-ac7e-fc1ed08547fa.jpg,0
56,imgs/cucumber_bdd09071-0906-44b4-926e-7c250b5c2533.jpg,0
57,imgs/cucumber_56b792f8-dcd7-49e2-9346-d550753d6861.jpg,0
58,imgs/cucumber_72351684-b40c-4fba-97b9-18cf982376da.jpg,0
59,imgs/cucumber_ae31847f-567a-4899-bf93-841650c43cfb.jpg,0
60,,0
61,imgs/cucumber_56f62665-cadd-45c3-83d7-89d0a7777319.jpg,0
62,imgs/cucumber_921274be-a831-4747-92c6-1521a0269b25.jpg,0
63,,0
64,imgs/cucumber_f90da076-ddcf-461f-a49e-503e38b3b66e.jpg,0
65,imgs/cucumber_e3cbc742-3a58-48f2-8580-f819e79c5351.jpg,0
66,,0
67,imgs/cucumber_d754f19c-8ac2-4b21-9ccb-a73d4ab7bfde.jpg,0
68,imgs/cucumber_441ebf61-4821-47dd-98e7-fd0ab0cc9b31.jpg,0
69,imgs/cucumber_d94a4e2c-9e3b-461e-a2a9-9774a66e7db0.jpg,0
70,imgs/cucumber_526e43d7-a6bb-4241-af27-f38bbf575314.jpg,0
71,imgs/cucumber_54f42dd0-4328-400f-90cf-cc86c123bea3.jpg,0
72,imgs/cucumber_78905682-a39b-4cbe-a9b5-0bf50f3bbb98.jpg,0
73,imgs/cucumber_8c6f5b58-d8be-499e-9d79-708e80ad9fb4.jpg,0
74,,0
75,,0
76,imgs/cucumber_f122aa3b-bc59-4d60-aa00-dc965a3391dc.jpg,0
77,imgs/cucumber_6cecc68e-edc3-4a07-8653-7f197cf88b26.jpg,0
78,,0
79,,0
80,,0
81,imgs/cucumber_108afce2-f407-4428-a9ae-bfe44a7cbf92.jpg,0
82,imgs/cucumber_c83adc58-8f5a-4fb0-9274-3a092bc9780c.jpg,0
83,,0
84,imgs/cucumber_23aa02c5-fc45-45b6-8898-9e6a13c6aaf0.jpg,0
85,,0
86,,0
87,,0
88,,0
89,,0
90,,0
91,,0
92,imgs/cucumber_1cafb324-5fd5-406f-86bd-7a4c600b567b.jpg,0
93,imgs/cucumber_3be99773-562e-47f0-a25f-88ca8cd5a5ba.jpg,0
94,,0
95,imgs/cucumber_5d93c07a-3154-4768-b0b2-517c8125f5b6.jpg,0
96,imgs/cucumber_52c6b374-60f8-47cb-b349-8931bec71917.jpg,0
97,imgs/cucumber_319bdd77-82a8-48a3-98dc-86667dcf6fef.jpg,0
98,imgs/cucumber_99d6862f-811c-46f2-81df-95ee2bf558a1.jpg,0
99,,0
100,imgs/cucumber_e0a607b5-3f5b-4205-a3fc-6ed2de12203f.jpg,0
101,,0
102,,0
103,imgs/cucumber_d30de43e-6302-4259-98ba-82487c1b1aac.jpg,0
104,imgs/cucumber_911cfa1c-5268-4d9c-b021-2cae8d7a0cb2.jpg,0
105,,0
106,imgs/cucumber_f6122b18-5dc3-4952-b51e-c2971129860d.jpg,0
107,imgs/cucumber_6538c603-3917-4199-aefe-64978659421e.jpg,0
108,,0
109,imgs/cucumber_747faea2-97ea-42cf-afca-d82b918ae5b7.jpg,0
110,imgs/cucumber_f97db31e-9e27-4b90-b06a-2da9e51b4d59.jpg,0
111,,0
112,imgs/cucumber_45d25453-21ba-4c5e-89b4-4cfa1dce37de.jpg,0
113,,0
114,imgs/cucumber_5b813acf-1ce0-49b2-b3eb-f98f125eda51.jpg,0
115,,0
116,imgs/cucumber_cd0e4fb4-98a4-4f85-9e66-fbd846c2b028.jpg,0
117,imgs/cucumber_a1f098ed-86c6-4a2f-80e9-537e0af1326d.jpg,0
118,imgs/cucumber_9b019755-74ea-40d6-8ba0-44aea5802de1.jpg,0
119,imgs/cucumber_737776c8-46cb-461a-bdd2-4ae20740c413.jpg,0
120,,0
121,imgs/cucumber_264045d5-d772-4403-89e7-b336e07f95fc.jpg,0
122,,0
123,imgs/cucumber_b2bc6fd1-d80e-4b74-aaa7-289b98b0c673.jpg,0
124,imgs/cucumber_77797fce-dc95-4b08-a4fc-047d0425a8f3.jpg,0
125,,0
126,,0
127,imgs/cucumber_c4a2e422-099b-4705-8bc6-30f78b6ca84e.jpg,0
128,imgs/cucumber_bbedf78a-92d6-4662-8ef6-35503ecfb87f.jpg,0
129,imgs/cucumber_eb006890-25e8-40ae-b506-c3540fbc938f.jpg,0
130,,0
131,imgs/cucumber_896380c9-d3ea-476d-bef6-cb169d18007e.jpg,0
132,,0
133,imgs/cucumber_a4029f4d-3d53-4b20-8e59-23ff41c2a026.jpg,0
134,imgs/cucumber_a0ee9fad-345e-450e-84cf-a4638b7c85ee.jpg,0
135,,0
136,imgs/cucumber_f74b6f35-aaa5-4a51-a333-5ffa62d9f5c1.jpg,0
137,imgs/cucumber_80454d86-60d7-4960-9a6b-ad5b466c7e29.jpg,0
138,imgs/cucumber_c33f6176-a4d7-4ff9-a5fe-9c35d0149604.jpg,0
139,imgs/cucumber_d7af3d88-31b5-4754-9e0e-ba0e33982a82.jpg,0
140,imgs/cucumber_5941f404-fec7-4b09-8adb-bde81b1762e9.jpg,0
141,,0
142,imgs/cucumber_4497c725-f1ed-411c-88d6-422c05eac685.jpg,0
143,imgs/cucumber_3733133a-1de9-4038-9084-c76ee7c00551.jpg,0
144,imgs/cucumber_1131752f-0c13-4474-bd83-fb3e0fc831c9.jpg,0
145,imgs/cucumber_e5bde045-b8b8-4c36-a32c-195def61fff7.jpg,0
146,,0
147,imgs/cucumber_62b9d4b4-1c0e-4a1e-b42e-0ed32d4aab29.jpg,0
148,imgs/cucumber_d37fa3f8-6542-457d-b070-f07ac2715119.jpg,0
149,imgs/cucumber_50945f6f-232b-472b-b30f-6ff90b94442a.jpg,0
150,imgs/cucumber_34d6d972-e8e5-4250-9fbc-5128a7e567c4.jpg,0
151,imgs/cucumber_b94f723e-d942-4996-b2de-b96a0dfe27aa.jpg,0
152,imgs/cucumber_40b1324b-75c8-41b8-a7bd-34d85aeb4dc1.jpg,0
153,,0
154,,0
155,imgs/cucumber_f1bfaaa1-5360-4f07-91b2-f1813e18ea90.jpg,0
156,imgs/cucumber_363118b0-9735-4f75-856b-87033f0b56ba.jpg,0
157,imgs/cucumber_76d88b6e-160f-4c62-9b68-b942a5bc64cd.jpg,0
158,imgs/cucumber_5edc8f7d-5ee0-40ca-9d5a-4ade6e2e0260.jpg,0
159,imgs/cucumber_a2a06658-2006-4e12-88bc-64e9170c197d.jpg,0
160,imgs/cucumber_fe3877b9-0483-4f97-a007-49fe65d60b43.jpg,0
161,imgs/cucumber_5af9d8e5-323d-421a-911d-e102709263cb.jpg,0
162,imgs/cucumber_0ec2ddd7-3ec3-48e3-b9ad-2fbfeb4a3a40.jpg,0
163,imgs/cucumber_80915f04-e2ea-482c-871f-cf8ea7c919cb.jpg,0
164,,0
165,,0
166,imgs/cucumber_e5527a82-12b3-4913-996c-5c9700319138.jpg,0
167,,0
168,imgs/cucumber_e8a69eae-16d7-45c5-bc07-2cb69957714e.jpg,0
169,imgs/cucumber_68f4dd26-2629-4a3e-9d60-e5a1d0259487.jpg,0
170,,0
171,imgs/cucumber_19cb6330-5261-4672-8e9e-46b2aead3f65.jpg,0
172,imgs/cucumber_4af4fe34-d6f2-40b0-9f0b-13af23db1ff7.jpg,0
173,,0
174,imgs/cucumber_3ef48590-aed9-4873-b146-96df7ed795ff.jpg,0
175,imgs/cucumber_b06ad5ff-c0f3-45dd-a6e4-c98f4fc4b91b.jpg,0
176,imgs/cucumber_a7eda8d6-a94e-4bed-9ea2-0a9c7822e75e.jpg,0
177,imgs/cucumber_1c8afe60-f378-489c-b870-0c316cd691eb.jpg,0
178,imgs/cucumber_9e0c6588-5819-4a42-b8d7-90e15c0634be.jpg,0
179,,0
180,imgs/cucumber_b52f521c-f699-4399-a95d-98c4a4863b68.jpg,0
181,imgs/cucumber_547b7366-64e4-4f81-9f7d-7a0c5b1a5352.jpg,0
182,imgs/cucumber_dcd0ca78-db91-4a00-a1ea-61cd453e04ef.jpg,0
183,,0
184,,0
185,imgs/cucumber_0737a2a3-9a43-4c7b-a524-70f12b33722f.jpg,0
186,imgs/cucumber_639f8198-9767-40f7-813c-dbd7105c048e.jpg,0
187,imgs/cucumber_0435753d-aadb-482d-a2bc-425e8380d046.jpg,0
188,imgs/cucumber_a0a2c98f-0714-479b-b6b2-d54677abf07a.jpg,0
189,,0
190,,0
191,,0
192,imgs/cucumber_49600f68-ba4a-47cc-a540-45f717434275.jpg,0
193,imgs/cucumber_4fd7bbf6-e001-4992-b5f1-3e6e4b269824.jpg,0
194,,0
195,imgs/cucumber_7f1c6e83-963d-4cc3-abb1-45fb9191bf55.jpg,0
196,imgs/cucumber_b81bd75c-3ff3-4666-ad6d-d5a63e3cfbc4.jpg,0
197,imgs/cucumber_1b2c4d23-dcd9-4362-865d-13dc0a337c25.jpg,0
198,,0
199,imgs/cucumber_7e38b2d5-6251-44b5-8a25-3e9109b3dee9.jpg,0
200,imgs/cucumber_4e85deea-384f-4f1e-8622-f11c66d5657c.jpg,0
201,imgs/cucumber_7a187f12-34b6-451d-90ef-57661fdbb33c.jpg,0
202,imgs/cucumber_6c709ef5-cf22-48dd-9b7b-3cf532231d1e.jpg,0
203,imgs/cucumber_2032de75-9a58-4ffe-9a26-10fa86f23dde.jpg,0
204,imgs/cucumber_fdc2260b-cc38-4ada-b018-3e55aafb190e.jpg,0
205,imgs/cucumber_e1cb1d7f-9001-4a01-b7b5-cda06ba50816.jpg,0
206,imgs/cucumber_6e97e809-93cf-4893-9eed-bfa81de85476.jpg,0
207,,0
208,imgs/cucumber_d68b3998-a149-4a71-a456-f07c7cec1d76.jpg,0
209,,0
210,,0
211,,0
212,imgs/cucumber_7eb4b6e7-6846-44f5-8504-52a26be9973c.jpg,0
213,imgs/cucumber_9afadd2c-5a92-4f1d-9396-86d37e834c05.jpg,0
214,imgs/cucumber_93328ba4-0434-49a3-b4a6-636683f0f1f8.jpg,0
215,,0
216,,0
217,,0
218,,0
219,,0
220,imgs/cucumber_a46a12e2-6f23-4b0d-a3bc-03d36749f286.jpg,0
221,,0
222,imgs/cucumber_76f7b01f-574f-454e-a078-676972558e18.jpg,0
223,imgs/cucumber_d7fc7ac6-f840-48b1-9b7a-3ac5b437d3ae.jpg,0
224,imgs/cucumber_b0889b28-f688-462b-bf5e-b06d88dabadd.jpg,0
225,,0
226,imgs/cucumber_e0ab8a9c-d2bd-41d3-a6bc-354f32f9584f.jpg,0
227,,0
228,imgs/cucumber_362c3d4e-9f83-40b0-9462-2e6cb376c351.jpg,0
229,imgs/cucumber_3460fd87-9f50-489e-98f6-c38ec75c6999.jpg,0
230,,0
231,imgs/cucumber_f6f18398-c598-4ca3-a5f8-a7b7f4b8cd73.jpg,0
232,imgs/cucumber_2c105cde-b2ef-4046-9e74-c496f801d4d9.jpg,0
233,imgs/cucumber_c253ed1b-474a-4602-bb1f-a4ffa9d86798.jpg,0
234,,0
235,imgs/cucumber_4bff80c4-8c3d-4687-9e4b-64d7a51e0eb0.jpg,0
236,imgs/cucumber_a245e6ee-6d18-4c57-a0fc-a3ba060dd396.jpg,0
237,,0
238,imgs/cucumber_e794f1ed-04af-4557-ac1f-89d370d29fed.jpg,0
239,imgs/cucumber_925a566f-9a5f-49bf-8545-336f5ad83983.jpg,0
240,,0
241,imgs/cucumber_0d03c9f2-348c-4577-b4ac-15f129d7127b.jpg,0
242,imgs/cucumber_8038a118-14e8-4949-bb98-6c18179abbb0.jpg,0
243,,0
244,imgs/cucumber_9c90a57e-3edc-40db-ba21-412dbba2f52c.jpg,0
245,,0
246,imgs/cucumber_b0b29b7b-7ffe-4905-9c42-4a1a9eb38c33.jpg,0
247,imgs/cucumber_22bffab5-1de5-4f19-8cb5-c59e6b95df07.jpg,0
248,,0
249,imgs/cucumber_d5b6807f-7606-40a7-8079-9b19d93f46b5.jpg,0
250,imgs/cucumber_6461903d-dbc2-41a2-af3a-d5c70dc93014.jpg,0
251,,0
252,imgs/cucumber_7f8a66bf-0ca8-4d40-92ee-e59481dcb3e8.jpg,0
253,,0
254,imgs/cucumber_e9aefd11-2161-4c5a-a8b4-d5ac8f223d50.jpg,0
255,imgs/cucumber_8d05cc47-d1be-47c6-98ee-687e7532304e.jpg,0
256,imgs/cucumber_bf25525b-436d-412a-991d-e5c61e54db1b.jpg,0
257,imgs/cucumber_f335bc45-bf8e-4965-bb39-4155aabdec8b.jpg,0
258,imgs/cucumber_aa80dbae-2452-461e-a1cc-e390f7655272.jpg,0
259,,0
260,imgs/cucumber_a380fc72-1c1f-49f6-9f12-be780ff7e6df.jpg,0
261,imgs/cucumber_51a3d669-cede-4bf1-9af9-dde032ef8760.jpg,0
262,imgs/cucumber_dd8e4f61-9869-4ef3-bf0b-d0ce5daa8e19.jpg,0
263,imgs/cucumber_f93bd329-5870-4573-b88e-7ab410672576.jpg,0
264,,0
265,imgs/cucumber_2244a4f1-f9c2-4a3f-b2a2-20f404c93276.jpg,0
266,,0
267,,0
268,,0
269,,0
270,,0
271,imgs/cucumber_dfcf3413-db82-4ab0-b8ff-906f9d2e5abf.jpg,0
272,imgs/cucumber_28480b27-6c6a-4139-af34-34d3f2d19ee8.jpg,0
273,imgs/cucumber_1983bb75-bbd9-435d-b736-d095316e09b1.jpg,0
274,imgs/cucumber_f002d6c4-b621-47cd-900b-a7b31a87fff8.jpg,0
275,imgs/cucumber_57c90407-67d1-414e-a5a1-0032ab0cfba3.jpg,0
276,imgs/cucumber_9550caf4-bfd9-41c4-a42d-ab9881825d43.jpg,0
277,,0
278,imgs/cucumber_d2d10152-fcba-485e-9abf-ec295da34870.jpg,0
279,,0
280,imgs/cucumber_0ef97641-3f46-40bd-b605-699f1c3447d6.jpg,0
281,imgs/cucumber_d96a8c38-c995-4eef-be9d-b6b64d0f22a1.jpg,0
282,imgs/cucumber_78d8c88d-7d9a-4ee4-ad39-b90f8a61f46b.jpg,0
283,imgs/cucumber_fd67cf54-4b8d-45c0-b401-7855a8c90a3e.jpg,0
284,imgs/cucumber_6ca39bc5-ba60-43c5-a482-a09799115625.jpg,0
285,imgs/cucumber_8c8f665c-9e56-4109-97f5-eb0f757cab38.jpg,0
286,imgs/cucumber_4653805f-713a-4412-a7ef-45343c3f4eaf.jpg,0
287,imgs/cucumber_fe87364f-56b5-48a0-966e-9a2a7df77109.jpg,0
288,imgs/cucumber_e3a38290-cb1a-453f-b401-ae74e5a6bfc0.jpg,0
289,imgs/cucumber_9158718a-0d83-4c7b-89fd-737faeddba13.jpg,0
290,imgs/cucumber_6c0be1ee-7454-44e0-99cc-ba0fafdda771.jpg,0
291,,0
292,imgs/cucumber_c6cf9219-1390-4672-bad3-4ce3f32957dc.jpg,0
293,imgs/cucumber_423b877b-0dc0-4c4c-91e5-52e19b9d46e1.jpg,0
294,,0
295,imgs/cucumber_7ab12554-e391-46d0-b96a-58d62daf1731.jpg,0
296,imgs/cucumber_e0f9c7a0-ab48-4795-9799-220ced684e8a.jpg,0
297,imgs/cucumber_fd4cff16-a4f8-4380-b083-2f31c95e781d.jpg,0
298,imgs/cucumber_f590ac61-e6c2-4798-9d99-7e966a90e22a.jpg,0
299,,0
300,imgs/cucumber_68480668-9009-4db2-b0de-2803e11a4edf.jpg,0
301,,0
302,imgs/cucumber_09d277b7-eb86-49ef-b556-5688a00966d1.jpg,0
303,,0
304,,0
305,imgs/cucumber_efac082b-74fa-4084-b933-26d16c605da1.jpg,0
306,imgs/cucumber_8371c04f-5021-4b09-b32e-ba80b9aa7ddd.jpg,0
307,imgs/cucumber_85b04776-0b10-4d71-a1bc-9ec1f55d3aaa.jpg,0
308,imgs/cucumber_37237087-3b09-49cd-942d-4fdb8cec3957.jpg,0
309,,0
310,imgs/cucumber_960a2f84-4f9a-475e-820e-a75dacca7416.jpg,0
311,,0
312,,0
313,,0
314,,0
315,imgs/cucumber_a516cbaa-e2a8-41c6-a16a-23fe8ad3434b.jpg,0
316,,0
317,,0
318,,0
319,,0
320,imgs/cucumber_a3b8a07f-c328-4827-aed1-ec909de8a63b.jpg,0
321,,0
322,,0
323,imgs/cucumber_69724488-ff59-4a8f-b548-1e0f3590ce01.jpg,0
324,,0
325,imgs/cucumber_79102833-253d-4e5d-bace-801310658f74.jpg,0
326,imgs/cucumber_540faf95-037f-4e68-9c74-ec5edcddad1d.jpg,0
327,imgs/cucumber_828f7098-fdfa-4875-adee-ced69fce55bd.jpg,0
328,imgs/cucumber_0f5ab750-6018-4a9d-978a-3fd03507c64c.jpg,0
329,imgs/cucumber_2042959a-e091-49cb-b1b8-6bb10fe19911.jpg,0
330,,0
331,,0
332,imgs/cucumber_82536845-ecca-4a22-8840-06ab69a403e8.jpg,0
333,imgs/cucumber_6a19af3d-7480-4c53-8a4a-389ed4560571.jpg,0
334,imgs/cucumber_19bc4956-49fc-4ca1-b0d5-98f6ccdccde7.jpg,0
335,imgs/cucumber_f4dfc268-f1bf-45dd-a320-557c5d2f44c0.jpg,0
336,imgs/cucumber_23cbf6ef-ea3f-456a-b7d4-fc2ce944c8e4.jpg,0
337,imgs/cucumber_ee31d110-2fb0-49c0-acf9-2e26990a2622.jpg,0
338,,0
339,,0
340,imgs/cucumber_673eef67-abe5-4d73-ae0c-f65d21bc32e7.jpg,0
341,imgs/cucumber_bc985916-d2f7-4ef8-8f3a-68640deccac3.jpg,0
342,,0
343,imgs/cucumber_8afb22dd-e674-4cf2-bd49-dbfc987b2fad.jpg,0
344,,0
345,,0
346,,0
347,,0
348,imgs/cucumber_9cf267f5-9a47-4579-a390-d1048858274e.jpg,0
349,imgs/cucumber_0950bdf9-af50-4c25-883d-ad5f6cfcb3c4.jpg,0
350,imgs/cucumber_fb5cd4d1-65b5-43de-9e41-19ee879433b6.jpg,0
351,,0
352,,0
353,imgs/cucumber_f95466d6-8ce5-4021-8ca8-81ce14edaea3.jpg,0
354,imgs/cucumber_0a4f9a2a-51e2-47da-86bf-f382ea99fa82.jpg,0
355,imgs/cucumber_615a6c77-f6a7-4560-930a-fb369f1f3fc6.jpg,0
356,imgs/cucumber_7ff86965-48fe-4038-a713-aea03c6c59b7.jpg,0
357,imgs/cucumber_925be621-f097-4df9-ab4a-1d0d71761022.jpg,0
358,,0
359,imgs/cucumber_01a616d2-289a-4a47-b6d4-de1f956c32d7.jpg,0
360,,0
361,,0
362,imgs/cucumber_71db913d-bfdc-4638-98f1-458b13083ab4.jpg,0
363,imgs/cucumber_3be5bb86-5096-4e72-9176-4ab6d03bf074.jpg,0
364,,0
365,,0
366,,0
367,,0
368,imgs/cucumber_b7420e02-0e9f-45c4-bfaf-aab611316f73.jpg,0
369,imgs/cucumber_6de913db-f3e5-4ab9-9ac5-9cfd10b651ab.jpg,0
370,imgs/cucumber_50675b2f-313b-4d2a-9737-91dd16304159.jpg,0
371,,0
372,imgs/cucumber_89a5a294-431b-426c-8971-18d1e8104870.jpg,0
373,,0
374,imgs/cucumber_f4a37f2c-6578-477b-a916-3cc55684b599.jpg,0
375,,0
376,,0
377,,0
378,imgs/cucumber_80145ddf-1ad1-4481-aef0-cca0ef1c14a6.jpg,0
379,imgs/cucumber_85f90766-7426-4d27-ae32-a63d0f23514a.jpg,0
380,,0
381,imgs/cucumber_2cba6dd8-aab8-4b16-8455-d3cf3b9a23b9.jpg,0
382,,0
383,,0
384,imgs/cucumber_aa945b11-caa1-480d-b7c0-d2f571d76b6e.jpg,0
385,,0
386,imgs/cucumber_39f42ff6-7c7d-45ab-8f35-b16c398d41c2.jpg,0
387,,0
388,imgs/cucumber_4ef42023-2daa-48fb-8947-51908b1bddc9.jpg,0
389,,0
390,imgs/cucumber_a7ef04c3-ed63-4a61-bd53-c2b8ef807427.jpg,0
391,imgs/cucumber_75852750-4d7b-4ccd-b802-473a0bc5eebb.jpg,0
392,imgs/cucumber_35de6a10-f471-4c8c-86b5-79236b087806.jpg,0
393,,0
394,imgs/cucumber_712d0fa1-1ffa-4799-9adc-23bb753819cd.jpg,0
395,,0
396,imgs/cucumber_ade380f9-26c3-4be5-a128-54cf1841cf11.jpg,0
397,imgs/cucumber_be08197d-0372-4b4c-b08c-5c7fb07c6c88.jpg,0
398,,0
399,,0
400,imgs/cucumber_6ca178f4-8478-46f9-99bc-84bfca841f84.jpg,0
401,imgs/cucumber_5272d58d-d1ed-4778-bb10-b922c5e93395.jpg,0
402,,0
403,,0
404,,0
405,,0
406,imgs/cucumber_0e646f2a-2757-401c-afdb-5ee2875ec5ba.jpg,0
407,imgs/cucumber_999d96f3-5c7d-49c8-aed3-0759a847df37.jpg,0
408,imgs/cucumber_0d4a6c4a-4d3c-4ac9-b05d-39e3b3b7072a.jpg,0
409,imgs/cucumber_9a06da60-ba30-48fc-85bb-96009ba7744f.jpg,0
410,,0
411,imgs/cucumber_3436a59d-547f-4c8c-85bc-6dd850fbd8f6.jpg,0
412,imgs/cucumber_b31dcf3b-5233-4674-ba34-2ccf3e14da24.jpg,0
413,imgs/cucumber_290b1729-69d9-440b-a859-a97499d6110d.jpg,0
414,imgs/cucumber_0b50e784-5f7f-498f-b743-e5b48812c030.jpg,0
415,,0
416,imgs/cucumber_5d205cd6-1c7c-45eb-b2ec-d8ed731e039f.jpg,0
417,imgs/cucumber_855ae0e9-2f6d-4320-82db-3ad567ea4588.jpg,0
418,,0
419,,0
420,imgs/cucumber_34b2bcb0-9999-4188-9654-632457d6dcd0.jpg,0
421,imgs/cucumber_b67913ea-4bd0-4954-84e9-6af66ec90d0f.jpg,0
422,,0
423,,0
424,imgs/cucumber_220c3b08-ca02-4f0c-a674-3c3a88c3acf3.jpg,0
425,,0
426,imgs/cucumber_ad36257a-f68b-4ebb-a395-d9e1ae094b6d.jpg,0
427,,0
428,,0
429,imgs/cucumber_af9f1ddb-90d1-4dde-bc8f-ee2086c60004.jpg,0
430,imgs/cucumber_23f30d08-1352-472e-943b-484b94aa8c7a.jpg,0
431,,0
432,imgs/cucumber_a5817792-991f-4ea8-863b-734655686fad.jpg,0
433,imgs/cucumber_d51b5b14-f1d2-4fa5-8688-413c346bd588.jpg,0
434,imgs/cucumber_beb9a523-e973-4aa6-80e7-14b7a02cf130.jpg,0
435,imgs/cucumber_dbf9f55c-3e4d-40d7-bf17-f226f6d581ff.jpg,0
436,imgs/cucumber_8a76995c-c319-4ab8-bdef-bc8a7e06eae0.jpg,0
437,imgs/cucumber_7025601e-2767-4516-8e3c-ff8fe406e334.jpg,0
438,,0
439,,0
440,imgs/cucumber_7718f49e-ca0d-432f-a697-9134573d1d09.jpg,0
441,,0
442,,0
443,,0
444,imgs/cucumber_ee7eb6ac-ca29-405d-9129-3005b358c333.jpg,0
445,imgs/cucumber_a7c143ca-b4c9-4128-899d-16723a2bed3a.jpg,0
446,imgs/cucumber_529dbc4f-d093-4462-b50f-ce7016eacd92.jpg,0
447,imgs/cucumber_6ea7f76f-57fe-4237-bddf-54ddbd485fb9.jpg,0
448,imgs/cucumber_d87222bc-610f-4e40-ac6d-39713d44d7a3.jpg,0
449,,0
450,imgs/cucumber_9a06143b-a21c-4ec4-8dea-782cc93200a5.jpg,0
451,,0
452,,0
453,imgs/cucumber_a53e5ae0-1408-4dda-80b8-364936ef8c6e.jpg,0
454,imgs/cucumber_90d23bb4-ac7b-4438-9817-35548f7c0542.jpg,0
455,imgs/cucumber_17842a15-f9a6-4469-9a4b-370fa7608893.jpg,0
456,imgs/cucumber_8d4d7893-e086-42a0-922c-ae0ce3dbbb7c.jpg,0
457,,0
458,imgs/cucumber_b524a8e7-287f-42e0-a7db-9ba58b7fd6b0.jpg,0
459,imgs/cucumber_039b64bc-45d1-4a03-a065-3a62f7e5d63f.jpg,0
460,imgs/cucumber_592827f5-30c4-4d3d-b5d0-eb03f162d240.jpg,0
461,,0
462,imgs/cucumber_f1b7a423-62f6-4776-b698-47321de07133.jpg,0
463,,0
464,imgs/cucumber_587601a4-bc43-4795-af55-f5167bcd183e.jpg,0
465,,0
466,,0
467,imgs/cucumber_b769fad0-366e-4f18-b663-01c68bdd2dac.jpg,0
468,,0
469,imgs/cucumber_5a3f7758-2162-4f6e-bf73-02d156680a07.jpg,0
470,imgs/cucumber_81ad1aad-155e-4d2b-bb01-d39d0f1989cb.jpg,0
471,,0
472,,0
473,imgs/cucumber_628e6330-3f28-40e2-8a96-d3e6063ebd9f.jpg,0
474,imgs/cucumber_4a9eb18f-12f4-4d3d-be8e-fb3b522b7833.jpg,0
475,,0
476,,0
477,,0
478,,0
479,,0
480,imgs/cucumber_8542af67-0052-4a08-961e-a2dad5b3ae04.jpg,0
481,imgs/cucumber_93689dcc-2b61-4cda-ad46-69d4d0109771.jpg,0
482,,0
483,,0
484,,0
485,imgs/cucumber_baaa0994-77aa-4009-ab09-79d4f9d7b4f2.jpg,0
486,imgs/cucumber_a73a087e-03a4-4d15-9e9a-b87491e340d6.jpg,0
487,,0
488,,0
489,imgs/cucumber_60c9b390-d5ab-4743-89a4-584a9501451a.jpg,0
490,imgs/cucumber_1003d8d0-46df-45bf-877f-200fd758ae0d.jpg,0
491,,0
492,imgs/cucumber_d556aec5-533f-4210-93cb-d6b1417e1474.jpg,0
493,imgs/cucumber_60b691b0-0ee2-4cde-802b-36c35e0fa151.jpg,0
494,imgs/cucumber_8ca92623-b00d-45b8-8e3e-6183b0fe5548.jpg,0
495,,0
496,imgs/cucumber_1560b2a7-24cb-42f8-8493-8f212b61e88e.jpg,0
497,imgs/cucumber_883c2f33-af06-4eca-976d-376354d9abfe.jpg,0
498,imgs/cucumber_c44328fd-48d9-441d-b787-46b6157fd70a.jpg,0
499,,0
500,,0
501,imgs/cucumber_7540d6bc-35f5-4c37-b763-6662adb4e0b3.jpg,0
502,imgs/cucumber_fead2149-3572-4246-b4ef-6918b140c1d1.jpg,0
503,imgs/cucumber_1fdce9f4-faba-4ead-8363-994abeaebea2.jpg,0
504,imgs/cucumber_507aca11-eb53-4ab5-bce9-2bef00fbfb2c.jpg,0
505,imgs/cucumber_28461313-0df2-4430-81e4-605ea1a7573d.jpg,0
506,,0
507,,0
508,imgs/cucumber_ab07c786-4e90-487e-906e-1bab0b894170.jpg,0
509,imgs/cucumber_5223df51-4086-4b61-b548-30279882c81a.jpg,0
510,imgs/cucumber_1fc4c21e-d5ab-40c3-a651-6ac5011ace1e.jpg,0
511,,0
512,,0
513,,0
514,imgs/cucumber_4b1bf5c6-7a86-4212-8080-73597eeb1a4d.jpg,0
515,,0
516,,0
517,imgs/cucumber_b150c0f9-1f98-45b2-95c2-ba7375e3ef1e.jpg,0
518,imgs/cucumber_705fa690-bcd2-4931-8a96-04a903a70ece.jpg,0
519,,0
520,,0
521,imgs/cucumber_1a41cc3c-06e4-4ed1-a2a8-a3e23339c2db.jpg,0
522,,0
523,,0
524,,0
525,imgs/cucumber_be4da7de-1d40-412a-b0df-fde00bf9caeb.jpg,0
526,imgs/cucumber_f638a8ff-479f-4254-afad-ae63bcc6d0a7.jpg,0
527,,0
528,imgs/cucumber_80370592-4d8c-4dd9-ae36-898954b3ab7e.jpg,0
529,imgs/cucumber_0e0ae537-a400-4fa4-a396-1c80a1833a1c.jpg,0
530,,0
531,imgs/cucumber_68f48a70-3503-4293-9db3-1e4074272d6a.jpg,0
532,imgs/cucumber_4fa06572-a0ff-4700-9236-cb3b1609f567.jpg,0
533,imgs/cucumber_c7e5545e-ed9c-40f6-bdb5-4d1a049175c6.jpg,0
534,imgs/cucumber_76379a96-3efc-46fd-b3cf-926d7b2c0e2b.jpg,0
535,,0
536,imgs/cucumber_24c3950e-a1ca-478b-9b7c-e46e41e1cb6d.jpg,0
537,imgs/cucumber_f487890b-60d4-42a9-b3fa-af1736ac393b.jpg,0
538,imgs/cucumber_7ec61fb9-4f25-424c-a8a9-17931cd40839.jpg,0
539,,0
540,imgs/cucumber_dcace9ae-468c-4ef5-9a77-eb37f98bf078.jpg,0
541,imgs/cucumber_53b89d96-2f3c-4368-a68c-1cbe39b2349e.jpg,0
542,,0
543,,0
544,imgs/cucumber_43b1d86f-7c5d-42d2-953e-b6f47f5758ca.jpg,0
545,,0
546,,0
547,,0
548,,0
549,,0
550,,0
551,,0
552,imgs/cucumber_a2b34e56-d214-41e3-9b94-c4bb013abbaf.jpg,0
553,,0
554,,0
555,,0
556,,0
557,imgs/cucumber_b76cfa31-e9a7-49cc-84c2-ac4478ca4f6c.jpg,0
558,imgs/cucumber_7e9b2041-955e-4f36-8459-46ed8b7f9793.jpg,0
559,,0
560,imgs/cucumber_6a7ff4fc-7116-4efb-a229-111fd463e7e2.jpg,0
561,,0
562,imgs/cucumber_29e97348-931a-4df4-970a-40f1784d53b8.jpg,0
563,imgs/cucumber_53374ed0-1a8c-4713-8797-66db1a19492e.jpg,0
564,imgs/cucumber_8df6c7db-62d9-46de-bda2-fe339662162a.jpg,0
565,,0
566,,0
567,,0
568,imgs/cucumber_fdf2e04e-cbdd-4e37-8e77-267c747a9721.jpg,0
569,,0
570,,0
571,,0
572,,0
573,imgs/cucumber_acf27b1b-f700-41fd-8e4b-505c6fa85423.jpg,0
574,imgs/cucumber_4f1f8091-dc1e-4c9f-87b3-dcd72ab1701e.jpg,0
575,imgs/cucumber_5fabc4ac-17cf-409e-8aca-40090e471812.jpg,0
576,,0
577,,0
578,imgs/cucumber_c7451a46-c3ca-47be-8e55-0fc69921abbd.jpg,0
579,,0
580,imgs/cucumber_cbe09eaf-abfe-4a39-8abe-e1473817a1b8.jpg,0
581,,0
582,,0
583,,0
584,,0
585,,0
586,imgs/cucumber_5e24ec6a-1eca-4342-93e2-1dbfafc09bc8.jpg,0
587,,0
588,,0
589,imgs/cucumber_57f99853-05ee-4e73-b9de-176c2d85b355.jpg,0
590,,0
591,,0
592,imgs/cucumber_3d70ff74-4184-4459-9276-f7e615de7733.jpg,0
593,imgs/cucumber_18a6486b-1a4e-45e7-8863-e89586c07fd6.jpg,0
594,,0
595,,0
596,imgs/cucumber_93a723a6-8cb7-4471-ba88-484ebd806d00.jpg,0
597,,0
598,,0
599,imgs/cucumber_536a08f5-74fb-4c44-b277-a4c3a3737a01.jpg,0
600,,0
601,imgs/cucumber_335b2c3e-edc2-42ce-a0c1-ca1a9e5f510d.jpg,0
602,imgs/cucumber_102e9f78-ac82-42e6-a26a-6e0ada80288e.jpg,0
603,imgs/cucumber_852cbe24-24a7-4e37-a416-6ea58bc2e919.jpg,0
604,imgs/cucumber_bffb64fc-e102-433a-acd3-3a133dac045d.jpg,0
605,imgs/cucumber_9c559f38-a1f7-4243-bf3f-1b932fbf91ed.jpg,0
606,imgs/cucumber_bcf0cc81-141c-43c9-b3fb-0c0526591214.jpg,0
607,imgs/cucumber_a8654b00-ccc4-4059-93c6-ec4efb4fbcca.jpg,0
608,,0
609,,0
610,,0
611,,0
612,imgs/cucumber_99bdf237-7f4d-4589-a11c-72c4c4c2e525.jpg,0
613,imgs/cucumber_82f5c5e4-d1b8-43c8-8eb1-cfee573e2c39.jpg,0
614,imgs/cucumber_ef6a4c77-575b-4f78-a6fb-c6d6eccf91fc.jpg,0
615,,0
616,imgs/cucumber_0b1965b0-d5dd-4a8b-a7a9-ee4665aeec7e.jpg,0
617,,0
618,imgs/cucumber_3c9c4bf4-7622-42db-87af-14187e41f6b9.jpg,0
619,imgs/cucumber_0434124d-0a17-478e-b4c9-1e1d1835f082.jpg,0
620,imgs/cucumber_973917c9-6116-4591-9d8b-bc0e81168892.jpg,0
621,,0
622,imgs/cucumber_1e8f66d8-d6ac-4b73-816b-4b3a7ffb4483.jpg,0
623,imgs/cucumber_31ef01d7-a04a-43c3-b920-6cd7b70fc19c.jpg,0
624,imgs/cucumber_09d7194d-8174-4f65-98c1-8d2da310b23f.jpg,0
625,imgs/cucumber_632cebd4-53e7-4d64-8f02-8e9b5798d8b0.jpg,0
626,imgs/cucumber_66835fb6-f2aa-40ae-b3d2-79270c10afec.jpg,0
627,,0
628,,0
629,,0
630,,0
631,,0
632,imgs/cucumber_492f2c3f-1e76-40ef-9fe8-2f40a914e50a.jpg,0
633,imgs/cucumber_a13b2eee-20f0-4ea3-b5a1-83880fa19fb6.jpg,0
634,imgs/cucumber_375018aa-2865-46d4-94b6-117a5911311f.jpg,0
635,imgs/cucumber_2d60537d-7b71-4a0d-80de-caccea1e4d09.jpg,0
636,imgs/cucumber_903ba05f-5e28-4439-bd66-8e937db33c3c.jpg,0
637,imgs/cucumber_c9e862b2-af7a-4c20-8f79-268fca8595c0.jpg,0
638,imgs/cucumber_ce639175-06d9-4eeb-b8f7-e99d3b728429.jpg,0
639,imgs/cucumber_f1a34647-07eb-4580-8151-7299d44fdcbe.jpg,0
640,imgs/cucumber_973d32d7-39d7-40fe-82cb-7444b27b8443.jpg,0
641,imgs/cucumber_3890835e-97b6-40fb-a25c-18baf8ae9783.jpg,0
642,,0
643,,0
644,imgs/cucumber_fb3762f2-c68e-493c-9eed-e21cc8625cfe.jpg,0
645,imgs/cucumber_60e2f9b0-aebe-4f38-b654-a4f951e6a33f.jpg,0
646,,0
647,,0
648,,0
649,imgs/cucumber_98b69037-97eb-41a8-95ac-785112b7b85f.jpg,0
650,,0
651,imgs/cucumber_4f25f020-8a03-47f5-ad17-3a0f5ddc60c7.jpg,0
652,,0
653,,0
654,,0
655,imgs/cucumber_b5e17048-daeb-4b2f-844f-104009e4b283.jpg,0
656,,0
657,,0
658,imgs/cucumber_ebafe3e2-bc2a-430d-b324-cd0702ae05eb.jpg,0
659,,0
660,,0
661,imgs/cucumber_9da97f51-b127-4f39-8229-06b7de0added.jpg,0
662,,0
663,,0
664,imgs/cucumber_2e038305-0bef-4ca8-9773-0dfdb00703de.jpg,0
665,,0
666,imgs/cucumber_1088941e-cf7f-4fcc-b2f0-2d6265508a89.jpg,0
667,,0
668,,0
669,imgs/cucumber_b6f89cbb-647f-4adc-9e7a-2e27a4ec7bf5.jpg,0
670,,0
671,,0
672,,0
673,imgs/cucumber_fe15ce66-f141-4008-ba5d-639cc12dab6a.jpg,0
674,,0
675,,0
676,imgs/cucumber_c3d9966e-eba4-44c0-850e-1ebcdddc6189.jpg,0
677,imgs/cucumber_2c59eafd-39e0-4837-8c89-9f9b36b0bdef.jpg,0
678,,0
679,,0
680,,0
681,imgs/cucumber_9620e47e-3327-458b-9576-614e21df9d4b.jpg,0
682,imgs/cucumber_d84e0d47-31e5-4345-b9f6-0a02c347495e.jpg,0
683,imgs/cucumber_e80de9bb-3a4f-4a0e-bcc5-ad7b1c3b349b.jpg,0
684,,0
685,imgs/cucumber_738f549e-0989-4463-948a-a3f278e0f688.jpg,0
686,imgs/cucumber_495d5954-7274-4144-b20d-792d58bc7fa6.jpg,0
687,,0
688,imgs/cucumber_2fc73549-9e29-4f8e-95bf-72d98908856f.jpg,0
689,,0
690,,0
691,,0
692,imgs/cucumber_1c44606a-d66d-46f2-a8fe-cad3ba983201.jpg,0
693,,0
694,imgs/cucumber_92484548-fd73-4d58-8e8a-8521197405c2.jpg,0
695,imgs/cucumber_fb8f6d7f-8d6d-41a0-a4b0-f34d00bd8be4.jpg,0
696,,0
697,imgs/cucumber_371ef3b5-0b80-421e-b570-314ca4628375.jpg,0
698,imgs/cucumber_c5090259-3a14-4059-a7cf-0db764ee0d6c.jpg,0
699,,0
700,,0
701,imgs/cucumber_f3344abd-3574-40a8-af7b-e3e032618a98.jpg,0
702,,0
703,imgs/cucumber_142494bc-9e4e-401c-9aac-efcf4d620e5b.jpg,0
704,,0
705,imgs/cucumber_6a446f60-6c99-40a0-8dd5-361cefc56d08.jpg,0
706,imgs/cucumber_fde49d19-4b6f-4e0a-a6f2-a1400d23466b.jpg,0
707,imgs/cucumber_41f41fe4-1ca2-47f1-9c0c-cdfc6b5e52a1.jpg,0
708,,0
709,imgs/cucumber_10ef3cb2-861a-4654-8387-57c56978f796.jpg,0
710,,0
711,,0
712,,0
713,imgs/cucumber_80088258-f0a5-4326-9243-190334aedc7b.jpg,0
714,,0
715,,0
716,,0
717,,0
718,imgs/cucumber_dbacd4a5-4fcb-41d0-ae0e-9ccd27297bc9.jpg,0
719,imgs/cucumber_87ab257d-9197-4484-b9dd-3c32d9bc9adf.jpg,0
720,,0
721,imgs/cucumber_5c4a6dbe-d182-4c7b-af8a-0b4c3eba969e.jpg,0
722,,0
723,imgs/cucumber_09a3d7c9-d0fd-409d-84ac-bc988d8c2718.jpg,0
724,imgs/cucumber_b3e6736d-fc13-4473-9b00-43b34c6c9a00.jpg,0
725,imgs/cucumber_423cb8d8-131f-44d9-8653-102f48e8ba58.jpg,0
726,imgs/cucumber_6ddb1278-8138-45ab-8bf4-5bb517b01fca.jpg,0
727,,0
728,,0
729,imgs/cucumber_e6783a5a-f78b-42e9-8dfe-eb94cd98a4c2.jpg,0
730,imgs/cucumber_e172d2a2-a7a1-4cd8-8f0a-baa274ece943.jpg,0
731,,0
732,,0
733,,0
734,imgs/cucumber_4d807c6e-a6a3-48bf-af2e-12749c1a2e20.jpg,0
735,imgs/cucumber_678a3b2d-0031-4b6a-bf60-7683a41628f8.jpg,0
736,,0
737,,0
738,,0
739,,0
740,,0
741,imgs/cucumber_c512498e-cac8-43c3-9cc5-0dffe59d87a1.jpg,0
742,,0
743,imgs/cucumber_32ff84fb-be6b-4733-88ca-ad48166aa865.jpg,0
744,imgs/cucumber_77ad767a-2837-4824-a11c-4c4c1f94f6cc.jpg,0
745,,0
746,imgs/cucumber_68cbbb87-b7ed-406b-91e2-d804f4c39690.jpg,0
747,,0
748,,0
749,,0
750,imgs/cucumber_10a725b3-3a44-4382-bc28-06263264b01a.jpg,0
751,,0
752,imgs/cucumber_39fdbf27-54be-498d-ba15-d7b2a6d4f691.jpg,0
753,imgs/cucumber_24bf2b7c-e762-444c-8d31-fba2725a574c.jpg,0
754,imgs/cucumber_f7cedb17-313c-44f8-9b10-0f6f2e5a3aef.jpg,0
755,imgs/cucumber_94db451c-e9b3-4428-b0c6-8e5d28dae45c.jpg,0
756,,0
757,,0
758,,0
759,,0
760,imgs/cucumber_63ed3259-4c38-4369-ac9c-52f0ac46715f.jpg,0
761,,0
762,,0
763,,0
764,imgs/cucumber_af68655a-2dfd-46a1-b7d4-18d58a514c27.jpg,0
765,,0
766,,0
767,,0
768,,0
769,imgs/cucumber_9f8be4a1-1eb0-4db6-b5ed-89b43233b269.jpg,0
770,imgs/cucumber_560e2379-fd32-40c3-a506-aa491a1b1e4c.jpg,0
771,imgs/cucumber_6aba40da-afc0-4fa9-87b8-651f66916540.jpg,0
772,imgs/cucumber_e9476f82-8b7e-4441-97dd-0b3e18455278.jpg,0
773,,0
774,,0
775,imgs/cucumber_fdb27aa3-33b8-4227-822a-1f1339be7d29.jpg,0
776,,0
777,,0
778,,0
779,,0
780,imgs/cucumber_e852d56c-157a-4e21-85e2-5b0bc56e4e72.jpg,0
781,,0
782,,0
783,,0
784,imgs/cucumber_8077aafc-43d1-421a-9271-4e6d25883eb4.jpg,0
785,imgs/cucumber_198ccad1-d3ae-415f-934e-71aef8a7569d.jpg,0
786,imgs/cucumber_706160fd-2646-4fe6-869c-7caa84167ccb.jpg,0
787,imgs/cucumber_0df5dc6c-4d98-4302-9904-405eb2602fce.jpg,0
788,imgs/cucumber_61e93730-491f-4f89-b4e8-4cb509590503.jpg,0
789,,0
790,,0
791,,0
792,,0
793,imgs/cucumber_ce63099d-98fa-4b06-a5e2-6741d4c79bb8.jpg,0
794,,0
795,,0
796,imgs/cucumber_135f0cc8-ff85-48c8-b9e4-a8792ab60141.jpg,0
797,imgs/cucumber_67e1e47b-6d8f-4b38-ab43-c731d356af16.jpg,0
798,,0
799,,0
800,imgs/cucumber_adc87e62-f843-441e-84fe-f5194d3602c8.jpg,0
801,imgs/cucumber_665448b1-75fa-4f53-978a-61677c477497.jpg,0
802,imgs/cucumber_fe3e7275-0b3f-430f-9632-d785505974cb.jpg,0
803,,0
804,imgs/cucumber_44bb3048-bbcb-4647-84c5-25929acf7955.jpg,0
805,imgs/cucumber_ad191c96-0a5f-4922-9d63-92c9abe03637.jpg,0
806,imgs/cucumber_a5df866d-63d9-4add-b407-6ad40a0036af.jpg,0
807,,0
808,imgs/cucumber_abca868d-a9de-4970-9469-8656ba75b456.jpg,0
809,,0
810,,0
811,imgs/cucumber_2bbe0b08-5525-4f7e-a580-1feb037ff813.jpg,0
812,imgs/cucumber_9a6448fd-4793-4ca7-a959-538ec86da14d.jpg,0
813,imgs/cucumber_76e90b47-8f8d-486d-b88c-1e5da8ef3854.jpg,0
814,imgs/cucumber_1e7b649d-b8df-4273-9146-9daa024d6e6c.jpg,0
815,,0
816,imgs/cucumber_cbdd6fcb-042d-4c7d-8eb1-93113615226c.jpg,0
817,imgs/cucumber_baddc6a7-3b3c-47a2-b627-c5141c5cd278.jpg,0
818,imgs/cucumber_50c17279-4c69-44e8-96c2-77972b880206.jpg,0
819,,0
820,imgs/cucumber_8b0d64dc-8be7-4f83-a122-190299a72890.jpg,0
821,imgs/cucumber_c8eefdf3-6697-424c-8404-0c9d5d69526e.jpg,0
822,imgs/cucumber_61cacf01-7818-49b8-b433-a9b80a772a2e.jpg,0
823,imgs/cucumber_41fce242-38a4-4345-826e-564a0d5135cf.jpg,0
824,imgs/cucumber_fb8f3d1f-adb9-4a6e-82de-9555e2e03ecc.jpg,0
825,imgs/cucumber_156a1e0a-f7ec-4afc-b752-0d5fb0bf31ae.jpg,0
826,imgs/cucumber_84f3b045-2cf8-4a12-901f-3d026cdb9a6a.jpg,0
827,imgs/cucumber_885a6d88-7315-4cd7-a357-85b9e02a4856.jpg,0
828,imgs/cucumber_9b8e0ad0-812e-48a3-8e17-4ee3058a8f2d.jpg,0
829,,0
830,,0
831,,0
832,,0
833,imgs/cucumber_13072ef9-26b7-47b4-a44f-cae836ee047d.jpg,0
834,,0
835,imgs/cucumber_77066257-db8d-4943-9380-fcfce69d56e3.jpg,0
836,,0
837,,0
838,,0
839,,0
840,,0
841,,0
842,,0
843,,0
844,,0
845,,0
846,,0
847,,0
848,imgs/cucumber_6185c91a-88d3-4335-84ed-d260eeb11d0e.jpg,0
849,imgs/cucumber_cbfb3be8-ec80-49b9-b8f4-aedb68945d85.jpg,0
850,imgs/cucumber_44972bfb-6d5c-4599-8d2c-cc6003a8cb58.jpg,0
851,,0
852,,0
853,imgs/cucumber_fef3472b-02f0-4ae6-af6e-512ed6d266a5.jpg,0
854,,0
855,imgs/cucumber_e4eacb99-7d38-4eca-9f78-2db4210a7a34.jpg,0
856,imgs/cucumber_e5ede97c-2aa4-4b70-9fad-9ce148aa100e.jpg,0
857,imgs/cucumber_819cf3e2-fab1-4dad-96ed-01053979055b.jpg,0
858,,0
859,,0
860,imgs/cucumber_eca16ba9-750a-4f61-9082-f70b9ff7c0cd.jpg,0
861,,0
862,imgs/cucumber_87479efe-b6f1-41a0-b15d-85db0b62a6b1.jpg,0
863,,0
864,,0
865,,0
866,,0
867,,0
868,imgs/cucumber_56f2d336-a7ca-4da8-82bd-a26e27f72a54.jpg,0
869,,0
870,,0
871,,0
872,,0
873,,0
874,,0
875,,0
876,imgs/cucumber_a90e3acc-40be-49a6-a78e-b77460c22256.jpg,0
877,imgs/cucumber_1503bfc2-8bc9-47bc-820a-3a9624a942c5.jpg,0
878,,0
879,imgs/cucumber_73f4e92c-bf53-48ea-9c77-1e2e0efbc5a9.jpg,0
880,,0
881,,0
882,,0
883,,0
884,,0
885,imgs/cucumber_45528c3d-7787-4374-bb4f-3fd230eda4bf.jpg,0
886,imgs/cucumber_5c06cbc7-a25f-4f00-bd64-a05cb3f632e1.jpg,0
887,imgs/cucumber_96e1b6ca-20dd-4991-9d85-8eb7f551062e.jpg,0
888,,0
889,,0
890,,0
891,,0
892,imgs/cucumber_690ddbc1-c942-4617-87fa-c8ce7398e00a.jpg,0
893,imgs/cucumber_a1f60a62-e97f-4ec0-bd50-eefc02f1e98b.jpg,0
894,imgs/cucumber_83864dd2-f676-442a-b37a-371044f63996.jpg,0
895,imgs/cucumber_ffd0198c-6671-41a5-ac5e-67710e918ecc.jpg,0
896,imgs/cucumber_6d5608ff-90d7-4578-aa8e-043ee8af5d7d.jpg,0
897,,0
898,imgs/cucumber_9db5f648-bd2f-4b3b-9f97-f22e472419a5.jpg,0
899,imgs/cucumber_053d1761-d6c1-41da-bf76-f308fad3a94c.jpg,0
900,,0
901,,0
902,,0
903,imgs/cucumber_d743696b-248e-4fc1-8cd4-ef3f2fe42fd2.jpg,0
904,imgs/cucumber_aa90ad29-2f8d-4126-9c33-be07e9edb502.jpg,0
905,,0
906,,0
907,,0
908,,0
909,,0
910,,0
911,imgs/cucumber_6306d046-b0fb-4f2b-ae54-04e2ce3b0fcd.jpg,0
912,imgs/cucumber_f1ab3d2a-4082-4252-abbf-a4953f667040.jpg,0
913,imgs/cucumber_768ba35b-3841-44d3-ac6e-76119cbf3840.jpg,0
914,,0
915,,0
916,,0
917,,0
918,,0
919,,0
920,imgs/cucumber_ff43db31-d93a-4abb-900c-471d4a7ec256.jpg,0
921,,0
922,imgs/cucumber_4722e5fc-b629-44c8-8aa8-7410d3605a31.jpg,0
923,,0
924,,0
925,,0
926,,0
927,,0
928,,0
929,,0
930,,0
931,,0
932,imgs/cucumber_74a5e39c-3c63-44b6-85bc-f216bdd0129c.jpg,0
933,,0
934,,0
935,,0
936,,0
937,,0
938,,0
939,,0
940,,0
941,,0
942,imgs/cucumber_2d16dada-0ccf-4e6b-9c2c-cb8e7861aeb6.jpg,0
943,,0
944,,0
945,,0
946,,0
947,,0
948,,0
949,,0
950,,0
951,,0
952,,0
953,imgs/cucumber_a21f121d-41fe-4eb2-ba24-91918448b127.jpg,0
954,,0
955,,0
956,,0
957,,0
958,,0
959,,0
960,imgs/cucumber_8296b394-38f0-43c7-b9d8-35ad982e78cc.jpg,0
961,,0
962,imgs/cucumber_4ac37890-752a-4b3e-9ff6-d183085133f1.jpg,0
963,,0
964,,0
965,,0
966,,0
967,imgs/cucumber_c8b774e6-c546-4da1-ba6d-a2dc29a15897.jpg,0
968,imgs/cucumber_235aacf6-4d30-48c4-aed1-63d92cd0ab39.jpg,0
969,imgs/cucumber_1ebaaed1-d692-491a-b3bd-1c100a340ac2.jpg,0
970,,0
971,,0
972,,0
973,,0
974,,0
975,,0
976,,0
977,imgs/cucumber_776d2af6-ae5c-49f8-b159-087c1cdf26a9.jpg,0
978,,0
979,,0
980,,0
981,,0
982,imgs/cucumber_f2beef45-0731-471f-b6e7-22a0676fd885.jpg,0
983,,0
984,imgs/cucumber_406d7473-5c85-4837-844c-f399118b96eb.jpg,0
985,,0
986,imgs/cucumber_27d8f57f-d14e-4de5-a4c9-1e386af217c2.jpg,0
987,,0
988,,0
989,,0
990,,0
991,,0
992,,0
993,,0
994,,0
995,,0
996,,0
997,,0
998,,0
999,,0
1000,,0
1001,,0
1002,,0
1003,,0
1004,,0
1005,,0
1006,,0
1007,,0
1008,,0
1009,,0
1010,,0
1011,imgs/cucumber_ba4ee747-1a52-496f-a07b-ef377be004e6.jpg,0
1012,imgs/cucumber_555eceba-d531-45f4-9246-63edef0a24ec.jpg,0
1013,,0
1014,imgs/cucumber_9fc5a691-4397-4312-8837-c832c643cef8.jpg,0
1015,imgs/cucumber_4ce27ebf-89b5-4a21-85d7-da19cc255c13.jpg,0
1016,,0
1017,,0
1018,,0
1019,,0
1020,imgs/cucumber_43bb96ef-3339-4d2b-aec8-18ac643f2892.jpg,0
1021,,0
1022,,0
1023,,0
1024,,0
1025,,0
1026,,0
1027,,0
1028,,0
1029,,0
1030,,0
1031,,0
1032,,0
1033,,0
1034,,0
1035,,0
1036,imgs/cucumber_426944b6-91ad-4d0c-9cff-e886a2a17ce5.jpg,0
1037,,0
1038,imgs/cucumber_99bd3dec-a90c-4dec-9579-8d91fcdd7e14.jpg,0
1039,,0
1040,,0
1041,,0
1042,,0
1043,,0
1044,,0
1045,,0
1046,,0
1047,,0
1048,imgs/cucumber_7cf78139-b012-4718-9e4a-52bb2d73e483.jpg,0
1049,imgs/cucumber_4f54fa14-a37e-4471-a8db-89b050086aeb.jpg,0
1050,,0
1051,,0
1052,imgs/cucumber_bf4a5685-ce63-4c78-a524-e6dd0d3fa948.jpg,0
1053,imgs/cucumber_28d62cc3-68af-47eb-82df-4b0ab7511e92.jpg,0
1054,,0
1055,,0
1056,,0
1057,,0
1058,,0
1059,,0
1060,,0
1061,,0
1062,,0
1063,,0
1064,imgs/cucumber_fa9a0a3b-2299-407c-87dd-7147eff4f652.jpg,0
1065,,0
1066,,0
1067,,0
1068,imgs/cucumber_557b4a1e-bd48-4a4f-abb8-aba114395d7d.jpg,0
1069,,0
1070,,0
1071,,0
1072,imgs/cucumber_7fa4da3e-5b28-42a3-8445-ed569bae11d5.jpg,0
1073,,0
1074,,0
1075,,0
1076,,0
1077,,0
1078,,0
1079,,0
1080,,0
1081,,0
1082,,0
1083,,0
1084,imgs/cucumber_671f3bfc-40ab-427c-963b-f1ed1bc3a300.jpg,0
1085,,0
1086,,0
1087,,0
1088,,0
1089,,0
1090,,0
1091,,0
1092,,0
1093,,0
1094,,0
1095,,0
1096,imgs/cucumber_e7db4808-f8a4-4be3-b883-cf02f66c7509.jpg,0
1097,imgs/cucumber_77403e4f-55f7-4770-8ff3-db31e34427f2.jpg,0
1098,,0
1099,,0
1100,,0
1101,imgs/cucumber_24d4a91f-19b5-44ba-b9c3-f72766accf68.jpg,0
1102,,0
1103,,0
1104,,0
1105,,0
1106,,0
1107,,0
1108,,0
1109,,0
1110,,0
1111,,0
1112,,0
1113,,0
1114,,0
1115,,0
1116,imgs/cucumber_7289c43a-c9c8-4986-8d22-446b8af652d6.jpg,0
1117,,0
1118,,0
1119,,0
1120,,0
1121,,0
1122,,0
1123,,0
1124,,0
1125,,0
1126,,0
1127,,0
1128,imgs/cucumber_33bab1e6-538f-42af-91d9-7d65b13761c4.jpg,0
1129,,0
1130,,0
1131,,0
1132,,0
1133,,0
1134,,0
1135,,0
1136,,0
1137,,0
1138,,0
1139,,0
1140,,0
1141,,0
1142,,0
1143,,0
1144,,0
1145,,0
1146,,0
1147,,0
1148,,0
1149,,0
1150,,0
1151,,0
1152,,0
1153,,0
1154,imgs/cucumber_a1187819-63a4-44f9-ab8e-a4b3a3fdb112.jpg,0
1155,,0
1156,,0
1157,imgs/cucumber_c626728e-8183-45c6-845a-e778eb821139.jpg,0
1158,,0
1159,,0
1160,,0
1161,,0
1162,,0
1163,,0
1164,,0
1165,,0
1166,,0
1167,,0
1168,imgs/cucumber_5117e9db-5f08-4bb8-a4b6-82f88114e3ba.jpg,0
1169,,0
1170,,0
1171,,0
1172,,0
1173,,0
1174,,0
1175,,0
1176,imgs/cucumber_f6235e55-c874-4904-801a-c37ed5a9e018.jpg,0
1177,,0
1178,,0
1179,,0
1180,,0
1181,imgs/cucumber_f3f88bf0-842f-4820-a4f7-290f33b71813.jpg,0
1182,,0
1183,,0
1184,,0
1185,,0
1186,,0
1187,,0
1188,,0
1189,,0
1190,,0
1191,,0
1192,,0
1193,,0
1194,,0
1195,,0
1196,,0
1197,,0
1198,,0
1199,,0
1200,,0
1201,,0
1202,,0
1203,,0
1204,,0
1205,,0
1206,,0
1207,,0
1208,,0
1209,,0
1210,,0
1211,,0
1212,,0
1213,,0
1214,,0
1215,,0
1216,,0
1217,imgs/cucumber_eecf7866-3f29-4281-a062-3c48801a9f10.jpg,0
1218,,0
1219,,0
1220,,0
1221,,0
1222,,0
1223,,0
1224,,0
1225,,0
1226,,0
1227,,0
1228,,0
1229,,0
1230,,0
1231,,0
1232,,0
1233,,0
1234,,0
1235,,0
1236,,0
1237,,0
1238,,0
1239,imgs/cucumber_64e82420-9e86-4b8c-b2c3-045007286c21.jpg,0
1240,,0
1241,imgs/cucumber_23b00653-c9af-4eaa-9b08-4091081c0879.jpg,0
1242,,0
1243,,0
1244,,0
1245,,0
1246,,0
1247,,0
1248,,0
1249,,0
1250,,0
1251,,0
1252,,0
1253,,0
1254,,0
1255,,0
1256,,0
1257,,0
1258,,0
1259,,0
1260,,0
1261,,0
1262,,0
1263,,0
1264,,0
1265,,0
1266,,0
1267,imgs/cucumber_8f8d18ea-84a2-4f04-bcaf-6ec2c1347ca7.jpg,0
1268,,0
1269,,0
1270,,0
1271,,0
1272,,0
1273,,0
1274,imgs/cucumber_e11fdd2b-dec1-4155-aa1d-75fe262979b4.jpg,0
1275,,0
1276,,0
1277,,0
1278,,0
1279,,0
1280,,0
1281,,0
1282,,0
1283,,0
1284,,0
1285,,0
1286,,0
1287,,0
1288,,0
1289,,0
1290,,0
1291,,0
